Team_ID,Game_ID,GAME_DATE,MATCHUP,WL,W,L,W_PCT,MIN,FGM,FGA,FG_PCT,FG3M,FG3A,FG3_PCT,FTM,FTA,FT_PCT,OREB,DREB,REB,AST,STL,BLK,TOV,PF,PTS,SEASON_ID,TEAM_ID,TEAM_ABBREVIATION,TEAM_NAME,GAME_ID,GAME_DATE_opponent,MATCHUP_opponent,WL_opponent,MIN_opponent,FGM_opponent,FGA_opponent,FG_PCT_opponent,FG3M_opponent,FG3A_opponent,FG3_PCT_opponent,FTM_opponent,FTA_opponent,FT_PCT_opponent,OREB_opponent,DREB_opponent,REB_opponent,AST_opponent,STL_opponent,BLK_opponent,TOV_opponent,PF_opponent,PTS_opponent,PLUS_MINUS,VIDEO_AVAILABLE,Point_Diff,Blowout,teamId,points,contestedShots,contestedShots2pt,contestedShots3pt,deflections,chargesDrawn,screenAssists,screenAssistPoints,looseBallsRecoveredOffensive,looseBallsRecoveredDefensive,looseBallsRecoveredTotal,offensiveBoxOuts,defensiveBoxOuts,boxOutPlayerTeamRebounds,boxOutPlayerRebounds,boxOuts,estimatedOffensiveRating,offensiveRating,estimatedDefensiveRating,defensiveRating,estimatedNetRating,netRating,assistPercentage,assistToTurnover,assistRatio,offensiveReboundPercentage,defensiveReboundPercentage,reboundPercentage,estimatedTeamTurnoverPercentage,turnoverRatio,effectiveFieldGoalPercentage,trueShootingPercentage,estimatedUsagePercentage,estimatedPace,pace,pacePer40,possessions,PIE,pointsOffTurnovers,pointsSecondChance,pointsFastBreak,pointsPaint,oppPointsOffTurnovers,oppPointsSecondChance,oppPointsFastBreak,oppPointsPaint,blocks,blocksAgainst,foulsPersonal,foulsDrawn,distance,reboundChancesOffensive,reboundChancesDefensive,reboundChancesTotal,touches,secondaryAssists,freeThrowAssists,passes,assists,contestedFieldGoalsMade,contestedFieldGoalsAttempted,contestedFieldGoalPercentage,uncontestedFieldGoalsMade,uncontestedFieldGoalsAttempted,uncontestedFieldGoalsPercentage,fieldGoalPercentage,defendedAtRimFieldGoalsMade,defendedAtRimFieldGoalsAttempted,defendedAtRimFieldGoalPercentage,percentageFieldGoalsMade,percentageFieldGoalsAttempted,percentageThreePointersMade,percentageThreePointersAttempted,percentageFreeThrowsMade,percentageFreeThrowsAttempted,percentageReboundsOffensive,percentageReboundsDefensive,percentageReboundsTotal,percentageAssists,percentageTurnovers,percentageSteals,percentageBlocks,percentageBlocksAllowed,percentagePersonalFouls,percentagePersonalFoulsDrawn,percentagePoints,percentageFieldGoalsAttempted2pt,percentageFieldGoalsAttempted3pt,percentagePoints2pt,percentagePointsMidrange2pt,percentagePoints3pt,percentagePointsFastBreak,percentagePointsFreeThrow,percentagePointsOffTurnovers,percentagePointsPaint,percentageAssisted2pt,percentageUnassisted2pt,percentageAssisted3pt,percentageUnassisted3pt,percentageAssistedFGM,percentageUnassistedFGM,TCHS_MIN,PASSES_MIN,REB_CHANCES_MIN,POSS_MIN,PTSPAINT_MIN,opp_PTSPAINT_MIN,E_OFF_RATING,E_DEF_RATING,E_NET_RATING,E_PACE,E_REB_PCT
1610612738,22400604,"JAN 20, 2025",BOS @ GSW,W,30,13,0.0024173337056839,240,49,92,0.533,20,48,0.417,7,8,0.875,8,42,50,33,8,9,9,8,125,22024,1610612744,GSW,Golden State Warriors,22400604,2025-01-20,GSW vs. BOS,L,240,32,92,0.348,14,53,0.264,7,11,0.636,10,28,38,28,8,3,12,12,85,-40,1,40,True,1610612738,125,41,17,24,11,0,6,15,4,5,9,3,13,15,6,16,128.2,130.2,86.0,89.5,42.2,40.7,0.673,3.3,23.8,0.273,0.754,0.552,10.254,10.4,0.641,0.654,0.197,98.18,95.5,79.58,96.0,0.696,19,12,11,52,8,17,2,26,9,3,8,12,17.63,24,69,92,397,7,2,280,33,18,24,0.75,31,68,0.456,0.533,13,24,0.542,1.0,1.0,1.0,1.0,1.0,1.0,1.0,1.0,1.0,1.0,1.0,1.0,1.0,1.0,1.0,1.0,1.0,0.478,0.522,0.464,0.048,0.48,0.088,0.056,0.152,0.416,0.517,0.483,0.9,0.1,0.673,0.327,1.6541666666666666,1.1666666666666667,0.3833333333333333,0.4,0.2166666666666666,0.1083333333333333,-0.4298233249837072,0.4575913296416307,-0.0150420373440822,0.0094615100210707,0.4271307932365335
1610612738,22400587,"JAN 18, 2025",BOS vs. ATL,L,29,13,0.1474573560467161,265,40,104,0.385,15,52,0.288,20,23,0.87,17,36,53,23,13,6,14,18,115,22024,1610612737,ATL,Atlanta Hawks,22400587,2025-01-18,ATL @ BOS,W,265,44,93,0.473,9,37,0.243,22,28,0.786,13,42,55,27,9,10,18,17,119,4,1,-4,False,1610612738,115,35,22,13,26,0,4,11,5,2,7,3,1,4,3,4,103.5,104.5,107.9,109.2,-4.4,-4.6,0.575,1.64,15.2,0.328,0.706,0.492,12.599,12.7,0.457,0.504,0.2,100.27,99.17,82.64,110.0,0.456,20,20,21,42,15,19,14,60,6,10,18,17,19.46,39,52,91,440,2,3,297,23,15,35,0.429,25,69,0.362,0.385,15,23,0.652,1.0,1.0,1.0,1.0,1.0,1.0,1.0,1.0,1.0,1.0,1.0,1.0,1.0,1.0,1.0,1.0,1.0,0.5,0.5,0.435,0.07,0.391,0.183,0.174,0.174,0.365,0.48,0.52,0.733,0.267,0.575,0.425,1.660377358490566,1.120754716981132,0.3433962264150943,0.4150943396226415,0.1584905660377358,0.2264150943396226,-0.1478318791693449,-0.2001962067182091,-0.2084396603394254,2.0436861645502384,0.3571093517223488
1610612738,22400577,"JAN 17, 2025",BOS vs. ORL,W,29,12,0.0688940106119903,240,42,80,0.525,17,37,0.459,20,22,0.909,11,30,41,25,6,3,10,23,121,22024,1610612753,ORL,Orlando Magic,22400577,2025-01-17,ORL @ BOS,L,240,34,82,0.415,5,32,0.156,21,31,0.677,12,25,37,15,3,3,12,19,94,-27,1,27,True,1610612738,121,45,30,15,17,0,11,28,5,5,10,2,13,15,6,15,136.4,134.4,98.3,103.3,38.2,31.1,0.595,2.5,20.1,0.282,0.615,0.473,11.276,11.1,0.631,0.675,0.201,92.16,90.5,75.42,90.0,0.676,12,7,7,38,10,15,6,44,3,3,23,19,16.95,25,61,83,341,4,1,234,25,20,32,0.625,22,48,0.458,0.525,15,23,0.652,1.0,1.0,1.0,1.0,1.0,1.0,1.0,1.0,1.0,1.0,1.0,1.0,1.0,1.0,1.0,1.0,1.0,0.538,0.463,0.413,0.099,0.421,0.058,0.165,0.099,0.314,0.48,0.52,0.765,0.235,0.595,0.405,1.4208333333333334,0.975,0.3458333333333333,0.375,0.1583333333333333,0.1833333333333333,-1.4808823502917925,1.344174530822284,-0.1762067231735348,-1.2678423428228165,0.0770235856656101
1610612738,22400562,"JAN 15, 2025",BOS @ TOR,L,28,12,-1.4721562267614752,240,36,91,0.396,16,46,0.348,9,18,0.5,13,32,45,24,6,8,9,16,97,22024,1610612761,TOR,Toronto Raptors,22400562,2025-01-15,TOR vs. BOS,W,240,45,89,0.506,11,34,0.324,9,15,0.6,13,43,56,35,4,4,11,19,110,13,1,-13,False,1610612738,97,46,30,16,12,0,9,23,0,0,0,0,2,2,2,2,102.2,103.2,117.5,117.0,-15.3,-13.8,0.667,2.67,18.2,0.271,0.681,0.453,9.482,9.6,0.484,0.49,0.2,94.26,94.0,78.33,94.0,0.4,14,11,5,40,14,11,18,60,8,4,16,19,17.34,28,50,75,419,6,1,294,24,14,32,0.438,22,59,0.373,0.396,19,30,0.633,1.0,1.0,1.0,1.0,1.0,1.0,1.0,1.0,1.0,1.0,1.0,1.0,1.0,1.0,1.0,1.0,1.0,0.495,0.505,0.412,0.0,0.495,0.052,0.093,0.144,0.412,0.5,0.5,0.875,0.125,0.667,0.333,1.7458333333333331,1.225,0.3125,0.3916666666666666,0.1666666666666666,0.25,-0.6349080128487019,-1.2869756146170754,-1.1270783695673052,0.1040766102317307,0.0770235856656101
1610612738,22400542,"JAN 12, 2025",BOS vs. NOP,W,28,11,-1.3694195442699109,240,44,101,0.436,13,44,0.295,19,23,0.826,18,37,55,23,5,7,11,18,120,22024,1610612740,NOP,New Orleans Pelicans,22400542,2025-01-12,NOP @ BOS,L,240,40,86,0.465,17,37,0.459,22,26,0.846,6,36,42,24,8,3,10,19,119,-1,1,1,False,1610612738,120,44,28,16,5,0,7,15,2,2,4,3,8,11,6,11,114.2,118.8,117.3,117.8,-3.2,1.0,0.523,1.92,15.7,0.383,0.837,0.587,11.416,11.9,0.5,0.54,0.197,103.28,101.0,84.17,101.0,0.486,4,23,8,54,17,10,22,40,7,3,18,19,17.67,39,56,93,401,2,3,269,23,24,44,0.545,20,57,0.351,0.436,10,18,0.556,1.0,1.0,1.0,1.0,1.0,1.0,1.0,1.0,1.0,1.0,1.0,1.0,1.0,1.0,1.0,1.0,1.0,0.564,0.436,0.517,0.067,0.325,0.067,0.158,0.033,0.45,0.387,0.613,0.846,0.154,0.523,0.477,1.6708333333333334,1.1208333333333331,0.3875,0.4208333333333333,0.225,0.1666666666666666,-0.9425350446461866,-1.0867794078988664,-1.1915442438990864,0.1040766102317307,-1.183362361589714
1610612738,22400528,"JAN 10, 2025",BOS vs. SAC,L,27,11,0.1474573560467161,240,34,84,0.405,11,41,0.268,18,22,0.818,8,35,43,22,5,7,15,14,97,22024,1610612758,SAC,Sacramento Kings,22400528,2025-01-10,SAC @ BOS,W,240,44,102,0.431,18,47,0.383,8,9,0.889,16,40,56,26,11,8,12,18,114,17,1,-17,True,1610612738,97,55,36,19,12,0,7,19,2,1,3,0,3,3,1,3,96.3,98.0,111.8,114.0,-15.5,-16.0,0.647,1.47,16.8,0.212,0.655,0.445,14.899,15.2,0.47,0.518,0.199,101.32,99.5,82.92,99.0,0.423,8,8,7,40,16,13,17,48,7,8,14,18,17.26,18,56,74,404,3,3,286,22,16,32,0.5,18,52,0.346,0.405,22,32,0.688,1.0,1.0,1.0,1.0,1.0,1.0,1.0,1.0,1.0,1.0,1.0,1.0,1.0,1.0,1.0,1.0,1.0,0.512,0.488,0.474,0.062,0.34,0.072,0.186,0.082,0.412,0.609,0.391,0.727,0.273,0.647,0.353,1.6833333333333331,1.1916666666666669,0.3083333333333333,0.4125,0.1666666666666666,0.2,0.6725068722906229,0.0285994581026042,0.4523355515613303,0.1040766102317307,0.7072165592932722
1610612738,22400507,"JAN 07, 2025",BOS @ DEN,W,27,10,0.7759641195245216,240,44,88,0.5,12,35,0.343,18,20,0.9,11,30,41,30,11,7,11,13,118,22024,1610612743,DEN,Denver Nuggets,22400507,2025-01-07,DEN vs. BOS,L,240,40,87,0.46,14,36,0.389,12,15,0.8,13,26,39,22,6,6,16,17,106,-12,1,12,False,1610612738,118,50,28,22,13,0,5,11,1,2,3,0,6,6,3,6,120.7,124.2,109.7,112.8,10.9,11.4,0.682,2.5,21.6,0.378,0.653,0.521,12.27,12.6,0.568,0.61,0.199,97.2,94.5,78.75,95.0,0.595,25,22,17,60,13,11,11,46,7,6,13,17,0.49,0,2,2,10,0,0,6,30,0,0,0.0,2,2,1.0,0.5,2,2,1.0,1.0,1.0,1.0,1.0,1.0,1.0,1.0,1.0,1.0,1.0,1.0,1.0,1.0,1.0,1.0,1.0,1.0,0.602,0.398,0.542,0.034,0.305,0.144,0.153,0.212,0.508,0.563,0.438,1.0,0.0,0.682,0.318,0.0416666666666666,0.025,0.0083333333333333,0.3958333333333333,0.25,0.1916666666666666,1.5441167957168358,4.064227440295805e-15,0.9680625462155786,0.6244596613903578,1.2673880914067497
1610612738,22400487,"JAN 05, 2025",BOS @ OKC,L,26,10,2.014847643687504,240,31,85,0.365,9,46,0.196,21,24,0.875,12,36,48,17,6,5,16,18,92,22024,1610612760,OKC,Oklahoma City Thunder,22400487,2025-01-05,OKC vs. BOS,W,240,39,87,0.448,16,38,0.421,11,13,0.846,9,37,46,22,11,6,16,18,105,13,1,-13,False,1610612738,92,36,26,10,12,0,6,15,5,1,6,2,3,5,2,5,92.4,94.8,105.3,107.1,-12.9,-12.3,0.548,1.06,13.2,0.278,0.735,0.495,16.071,16.5,0.418,0.481,0.199,99.64,97.5,81.25,97.0,0.41,11,16,3,40,22,14,13,42,5,6,18,18,16.99,25,59,83,401,3,5,279,17,16,29,0.552,15,56,0.268,0.365,12,18,0.667,1.0,1.0,1.0,1.0,1.0,1.0,1.0,1.0,1.0,1.0,1.0,1.0,1.0,1.0,1.0,1.0,1.0,0.459,0.541,0.478,0.043,0.293,0.033,0.228,0.12,0.435,0.5,0.5,0.667,0.333,0.548,0.452,1.6708333333333334,1.1625,0.3458333333333333,0.4041666666666667,0.1666666666666666,0.175,0.877591560155614,2.688349061644568,2.063982409855857,0.3406143607583776,-0.97329803704716
1610612738,22400471,"JAN 03, 2025",BOS @ HOU,W,26,9,1.0116541558286989,240,39,77,0.506,19,39,0.487,12,18,0.667,12,29,41,20,6,8,14,13,109,22024,1610612745,HOU,Houston Rockets,22400471,2025-01-03,HOU vs. BOS,L,240,32,88,0.364,10,36,0.278,12,12,1.0,14,23,37,9,6,4,14,21,86,-23,1,23,True,1610612738,109,56,37,19,13,0,11,28,1,3,4,2,8,9,2,10,125.4,123.9,92.2,98.9,33.2,25.0,0.513,1.43,16.8,0.366,0.625,0.515,16.107,15.9,0.63,0.642,0.202,90.1,87.5,72.92,88.0,0.71,11,15,4,38,9,19,4,30,8,4,13,21,16.45,20,65,84,360,2,5,248,20,15,31,0.484,24,46,0.522,0.506,11,24,0.458,1.0,1.0,1.0,1.0,1.0,1.0,1.0,1.0,1.0,1.0,1.0,1.0,1.0,1.0,1.0,1.0,1.0,0.494,0.506,0.367,0.018,0.523,0.037,0.11,0.101,0.349,0.5,0.5,0.526,0.474,0.513,0.487,1.5,1.0333333333333334,0.35,0.3666666666666666,0.1583333333333333,0.125,-0.0709251212199737,1.4585723632326926,0.7746649232202355,0.1513841603370641,2.037623948062781
1610612738,22400464,"JAN 02, 2025",BOS @ MIN,W,25,9,0.0749373448762,240,46,92,0.5,22,57,0.386,4,6,0.667,10,21,31,30,9,4,3,16,118,22024,1610612750,MIN,Minnesota Timberwolves,22400464,2025-01-02,MIN vs. BOS,L,240,37,74,0.5,21,39,0.538,20,22,0.909,11,30,41,24,1,2,16,11,115,-3,1,3,False,1610612738,118,36,18,18,16,2,12,33,3,3,6,4,7,10,3,11,133.1,137.2,129.7,133.7,3.4,3.5,0.652,7.5,23.3,0.304,0.595,0.434,4.513,4.7,0.62,0.623,0.197,88.66,86.0,71.67,86.0,0.514,22,15,5,38,4,18,7,28,4,2,16,11,17.12,23,35,58,403,5,0,292,30,16,24,0.667,30,68,0.441,0.5,9,15,0.6,1.0,1.0,1.0,1.0,1.0,1.0,1.0,1.0,1.0,1.0,1.0,1.0,1.0,1.0,1.0,1.0,1.0,0.38,0.62,0.407,0.085,0.559,0.042,0.034,0.186,0.322,0.542,0.458,0.773,0.227,0.652,0.348,1.6791666666666667,1.2166666666666666,0.2416666666666666,0.3583333333333333,0.1583333333333333,0.1166666666666666,-0.0965607072030962,0.7721853687702485,0.371753208646604,-0.9839970421908432,0.2170664686939795
1610612738,22400449,"DEC 31, 2024",BOS vs. TOR,W,24,9,-1.4721562267614752,240,47,87,0.54,22,43,0.512,9,15,0.6,11,38,49,29,14,7,13,10,125,22024,1610612761,TOR,Toronto Raptors,22400449,2024-12-31,TOR @ BOS,L,240,27,86,0.314,10,40,0.25,7,11,0.636,14,30,44,18,8,4,21,16,71,-54,1,54,True,1610612738,125,49,26,23,23,0,17,43,0,2,2,3,5,8,6,8,130.8,130.2,72.6,73.2,58.2,57.0,0.617,2.23,21.4,0.279,0.7,0.524,13.598,13.5,0.667,0.668,0.201,96.72,96.5,80.42,96.0,0.802,20,16,17,44,9,10,15,26,7,4,10,16,17.27,23,67,88,392,5,1,274,29,18,32,0.563,29,55,0.527,0.54,12,26,0.462,1.0,1.0,1.0,1.0,1.0,1.0,1.0,1.0,1.0,1.0,1.0,1.0,1.0,1.0,1.0,1.0,1.0,0.506,0.494,0.4,0.048,0.528,0.136,0.072,0.16,0.352,0.44,0.56,0.818,0.182,0.617,0.383,1.6333333333333333,1.1416666666666666,0.3666666666666666,0.4,0.1833333333333333,0.1083333333333333,-0.6349080128487019,-1.2869756146170754,-1.1270783695673052,0.1040766102317307,0.0770235856656101
1610612738,22400437,"DEC 29, 2024",BOS vs. IND,L,23,9,0.352930721029845,240,43,93,0.462,16,54,0.296,12,19,0.632,8,33,41,26,6,6,8,22,114,22024,1610612754,IND,Indiana Pacers,22400437,2024-12-29,IND @ BOS,W,240,46,87,0.529,9,23,0.391,22,27,0.815,11,39,50,27,6,2,9,17,123,9,1,-9,False,1610612738,114,33,26,7,8,0,4,11,0,0,0,0,1,1,0,1,112.5,116.3,127.0,124.2,-14.5,-7.9,0.605,3.25,19.2,0.208,0.739,0.455,7.893,8.2,0.548,0.562,0.198,99.12,98.5,82.08,98.0,0.433,6,13,4,48,10,12,18,66,6,2,22,17,17.6,27,52,75,392,2,2,280,26,16,26,0.615,27,67,0.403,0.462,22,31,0.71,1.0,1.0,1.0,1.0,1.0,1.0,1.0,1.0,1.0,1.0,1.0,1.0,1.0,1.0,1.0,1.0,1.0,0.419,0.581,0.474,0.053,0.421,0.035,0.105,0.053,0.421,0.519,0.481,0.75,0.25,0.605,0.395,1.6333333333333333,1.1666666666666667,0.3125,0.4083333333333333,0.2,0.275,0.4930577704087543,-0.4289918715390224,0.0816567741535893,0.1040766102317307,-0.9032765955329752
1610612738,22400420,"DEC 27, 2024",BOS vs. IND,W,23,8,0.352930721029845,240,47,92,0.511,23,56,0.411,25,29,0.862,18,34,52,31,9,6,10,19,142,22024,1610612754,IND,Indiana Pacers,22400420,2024-12-27,IND @ BOS,L,240,38,91,0.418,11,39,0.282,18,25,0.72,13,26,39,27,5,3,12,20,105,-37,1,37,True,1610612738,142,41,22,19,12,0,6,17,2,4,6,3,9,11,3,12,146.8,144.9,104.0,108.2,42.8,36.7,0.66,3.1,21.3,0.413,0.661,0.549,10.335,10.2,0.636,0.678,0.2,98.88,97.5,81.25,98.0,0.655,14,26,9,42,10,16,13,46,6,3,19,20,18.07,26,56,81,427,7,2,304,31,16,29,0.552,31,63,0.492,0.511,11,19,0.579,1.0,1.0,1.0,1.0,1.0,1.0,1.0,1.0,1.0,1.0,1.0,1.0,1.0,1.0,1.0,1.0,1.0,0.391,0.609,0.338,0.042,0.486,0.063,0.176,0.099,0.296,0.417,0.583,0.913,0.087,0.66,0.34,1.7791666666666666,1.2666666666666666,0.3375,0.4083333333333333,0.175,0.1916666666666666,0.4930577704087543,-0.4289918715390224,0.0816567741535893,0.1040766102317307,-0.9032765955329752
1610612738,22400407,"DEC 25, 2024",BOS vs. PHI,L,22,8,-0.8617794660762989,240,43,95,0.453,20,49,0.408,8,13,0.615,13,38,51,24,3,4,13,18,114,22024,1610612755,PHI,Philadelphia 76ers,22400407,2024-12-25,PHI @ BOS,W,240,41,88,0.466,17,40,0.425,19,19,1.0,5,34,39,28,10,5,6,17,118,4,1,-4,False,1610612738,114,51,25,26,8,0,7,18,3,0,3,1,1,2,0,2,113.2,117.5,121.2,122.9,-8.0,-5.4,0.558,1.85,17.4,0.345,0.83,0.569,12.907,13.4,0.558,0.566,0.199,99.04,96.5,80.42,97.0,0.443,11,11,17,42,11,13,7,42,4,5,18,17,17.1,30,56,86,389,7,0,262,24,17,36,0.472,26,59,0.441,0.453,14,22,0.636,1.0,1.0,1.0,1.0,1.0,1.0,1.0,1.0,1.0,1.0,1.0,1.0,1.0,1.0,1.0,1.0,1.0,0.484,0.516,0.404,0.035,0.526,0.149,0.07,0.096,0.368,0.391,0.609,0.75,0.25,0.558,0.442,1.6208333333333331,1.0916666666666666,0.3583333333333333,0.4041666666666667,0.175,0.175,-0.7374503567811956,-0.4861907877442267,-0.7563995921595642,-1.22053479271749,-2.1636625427883
1610612738,22400393,"DEC 23, 2024",BOS @ ORL,L,22,7,0.0688940106119903,240,37,84,0.44,8,33,0.242,22,27,0.815,8,33,41,13,13,5,18,16,104,22024,1610612753,ORL,Orlando Magic,22400393,2024-12-23,ORL vs. BOS,W,240,37,83,0.446,13,33,0.394,21,21,1.0,7,35,42,26,11,9,20,24,108,4,1,-4,False,1610612738,104,46,28,18,16,0,9,20,4,4,8,0,3,2,1,3,97.3,100.0,102.6,102.9,-5.3,-2.9,0.351,0.68,10.2,0.26,0.761,0.5,17.777,18.3,0.488,0.542,0.2,106.06,104.5,87.08,104.0,0.457,29,13,13,54,23,8,19,40,5,9,16,24,17.45,24,54,77,379,1,4,246,13,21,42,0.5,16,42,0.381,0.44,17,25,0.68,1.0,1.0,1.0,1.0,1.0,1.0,1.0,1.0,1.0,1.0,1.0,1.0,1.0,1.0,1.0,1.0,1.0,0.607,0.393,0.558,0.038,0.231,0.125,0.212,0.279,0.519,0.241,0.759,0.75,0.25,0.351,0.649,1.5791666666666666,1.025,0.3208333333333333,0.4333333333333333,0.225,0.1666666666666666,-1.4808823502917925,1.344174530822284,-0.1762067231735348,-1.2678423428228165,0.0770235856656101
1610612738,22400381,"DEC 21, 2024",BOS @ CHI,W,22,6,-0.4085293962605735,240,48,100,0.48,15,45,0.333,12,14,0.857,17,42,59,27,8,4,12,12,123,22024,1610612741,CHI,Chicago Bulls,22400381,2024-12-21,CHI vs. BOS,L,240,37,98,0.378,14,41,0.341,10,11,0.909,10,33,43,28,8,4,13,14,98,-25,1,25,True,1610612738,123,43,29,14,12,0,9,24,1,1,2,1,2,3,2,3,121.6,120.6,92.6,96.1,29.0,24.5,0.563,2.25,18.6,0.346,0.738,0.558,11.862,11.8,0.555,0.579,0.2,103.5,102.0,85.0,102.0,0.609,19,25,15,60,20,12,21,38,4,4,12,14,17.37,26,75,101,414,3,2,283,27,21,34,0.618,27,66,0.409,0.48,13,35,0.371,1.0,1.0,1.0,1.0,1.0,1.0,1.0,1.0,1.0,1.0,1.0,1.0,1.0,1.0,1.0,1.0,1.0,0.55,0.45,0.537,0.049,0.366,0.122,0.098,0.154,0.488,0.545,0.455,0.6,0.4,0.563,0.438,1.725,1.1791666666666667,0.4208333333333333,0.425,0.25,0.1583333333333333,0.0572528086956461,-0.6005886201546354,-0.3051384718370969,2.0436861645502384,-0.4831479464478672
1610612738,22400363,"DEC 19, 2024",BOS vs. CHI,L,21,6,-0.4085293962605735,240,38,97,0.392,14,56,0.25,18,21,0.857,11,34,45,21,6,8,4,13,108,22024,1610612741,CHI,Chicago Bulls,22400363,2024-12-19,CHI @ BOS,W,240,42,94,0.447,19,52,0.365,14,16,0.875,11,45,56,23,2,2,12,19,117,9,1,-9,False,1610612738,108,34,14,20,14,1,9,24,3,0,3,0,3,3,1,3,108.8,110.2,114.7,119.4,-5.8,-9.2,0.553,5.25,16.0,0.233,0.692,0.446,4.031,4.1,0.464,0.508,0.2,100.64,98.0,81.67,98.0,0.478,10,9,10,44,2,14,12,42,8,2,13,19,17.6,26,69,95,386,2,2,268,21,17,27,0.63,21,70,0.3,0.392,16,27,0.593,1.0,1.0,1.0,1.0,1.0,1.0,1.0,1.0,1.0,1.0,1.0,1.0,1.0,1.0,1.0,1.0,1.0,0.423,0.577,0.444,0.037,0.389,0.093,0.167,0.093,0.407,0.5,0.5,0.643,0.357,0.553,0.447,1.6083333333333334,1.1166666666666667,0.3958333333333333,0.4083333333333333,0.1833333333333333,0.175,0.0572528086956461,-0.6005886201546354,-0.3051384718370969,2.0436861645502384,-0.4831479464478672
1610612738,22401217,"DEC 15, 2024",BOS @ WAS,W,21,5,-2.155052998617168,240,40,93,0.43,18,46,0.391,14,24,0.583,16,40,56,26,11,5,18,15,112,22024,1610612764,WAS,Washington Wizards,22401217,2024-12-15,WAS vs. BOS,L,240,40,99,0.404,13,40,0.325,5,8,0.625,17,34,51,22,10,7,16,25,98,-14,1,14,False,1610612738,112,47,38,9,10,0,13,32,2,4,6,3,12,14,5,15,106.1,109.8,96.5,94.2,9.6,15.6,0.65,1.44,17.6,0.351,0.705,0.534,17.052,17.6,0.527,0.541,0.201,103.54,103.0,85.83,102.0,0.586,17,13,8,40,15,13,12,52,5,7,15,25,17.84,37,69,106,391,3,6,264,26,12,30,0.4,28,63,0.444,0.43,20,30,0.667,1.0,1.0,1.0,1.0,1.0,1.0,1.0,1.0,1.0,1.0,1.0,1.0,1.0,1.0,1.0,1.0,1.0,0.505,0.495,0.393,0.036,0.482,0.071,0.125,0.152,0.357,0.545,0.455,0.778,0.222,0.65,0.35,1.6291666666666669,1.1,0.4416666666666666,0.425,0.1666666666666666,0.2166666666666666,-1.9679584839711453,-1.887564234771715,-2.287464107539364,1.3813804630756248,-1.7435338937031917
1610612738,22401205,"DEC 12, 2024",BOS vs. DET,W,20,5,0.0749373448762,240,46,90,0.511,20,48,0.417,11,13,0.846,8,43,51,34,6,4,14,9,123,22024,1610612765,DET,Detroit Pistons,22401205,2024-12-12,DET @ BOS,L,240,42,98,0.429,7,37,0.189,8,10,0.8,9,34,43,27,8,4,8,12,99,-24,1,24,True,1610612738,123,48,34,14,10,0,7,16,1,4,5,3,3,5,3,6,120.9,123.0,97.6,98.0,23.3,25.0,0.739,2.43,23.7,0.2,0.789,0.529,13.763,14.0,0.622,0.642,0.197,101.56,100.5,83.75,100.0,0.597,12,15,22,46,16,12,18,48,4,4,9,12,17.61,25,64,88,415,5,3,295,34,20,31,0.645,26,59,0.441,0.511,16,29,0.552,1.0,1.0,1.0,1.0,1.0,1.0,1.0,1.0,1.0,1.0,1.0,1.0,1.0,1.0,1.0,1.0,1.0,0.467,0.533,0.423,0.049,0.488,0.179,0.089,0.098,0.374,0.615,0.385,0.9,0.1,0.739,0.261,1.7291666666666667,1.2291666666666667,0.3666666666666666,0.4166666666666667,0.1916666666666666,0.2,-0.3272809810512135,-0.0857983743078044,-0.2567890660882612,-0.132461140294916,1.1273452083783804
1610612738,22400345,"DEC 07, 2024",BOS vs. MEM,L,19,5,0.914960807601344,240,42,105,0.4,18,60,0.3,19,28,0.679,15,36,51,26,6,7,13,16,121,22024,1610612763,MEM,Memphis Grizzlies,22400345,2024-12-07,MEM @ BOS,W,240,47,94,0.5,15,33,0.455,18,23,0.783,11,41,52,25,13,7,13,25,127,6,1,-6,False,1610612738,121,49,32,17,17,1,11,28,1,3,4,2,6,8,5,8,104.9,111.0,119.7,117.6,-14.8,-6.6,0.619,2.0,16.6,0.338,0.755,0.513,11.273,11.9,0.486,0.516,0.198,110.72,108.5,90.42,109.0,0.442,25,15,4,40,19,6,22,64,7,7,16,25,18.28,39,50,87,420,2,2,283,26,18,39,0.462,24,66,0.364,0.4,17,27,0.63,1.0,1.0,1.0,1.0,1.0,1.0,1.0,1.0,1.0,1.0,1.0,1.0,1.0,1.0,1.0,1.0,1.0,0.429,0.571,0.397,0.066,0.446,0.033,0.157,0.207,0.331,0.5,0.5,0.778,0.222,0.619,0.381,1.75,1.1791666666666667,0.3625,0.4541666666666666,0.1666666666666666,0.2666666666666666,0.9032271461387364,1.0867794078988704,1.1936931063768124,2.8952220664461654,1.7575381820060425
1610612738,22400335,"DEC 06, 2024",BOS vs. MIL,W,19,4,0.5161007461635055,240,40,87,0.46,17,53,0.321,14,16,0.875,7,34,41,27,5,6,6,18,111,22024,1610612749,MIL,Milwaukee Bucks,22400335,2024-12-06,MIL @ BOS,L,240,40,94,0.426,11,29,0.379,14,17,0.824,12,39,51,16,4,2,9,16,105,-6,1,6,False,1610612738,111,48,32,16,7,0,10,24,5,3,8,0,5,5,2,5,119.3,118.1,106.6,110.5,12.7,7.6,0.675,4.5,21.3,0.149,0.691,0.441,6.449,6.4,0.557,0.59,0.2,95.76,94.5,78.75,94.0,0.554,9,0,13,44,4,11,5,50,6,2,18,16,16.76,12,54,65,385,4,0,274,27,16,27,0.593,24,60,0.4,0.46,17,28,0.607,1.0,1.0,1.0,1.0,1.0,1.0,1.0,1.0,1.0,1.0,1.0,1.0,1.0,1.0,1.0,1.0,1.0,0.391,0.609,0.414,0.018,0.459,0.117,0.126,0.081,0.396,0.565,0.435,0.824,0.176,0.675,0.325,1.6041666666666667,1.1416666666666666,0.2708333333333333,0.3916666666666666,0.1833333333333333,0.2083333333333333,0.3648798404931345,0.4289918715390305,0.4684520201442756,-0.0378460400842559,-0.2030621803911285
1610612738,22400319,"DEC 04, 2024",BOS vs. DET,W,18,4,0.0749373448762,240,45,94,0.479,21,53,0.396,19,25,0.76,14,29,43,30,11,7,16,14,130,22024,1610612765,DET,Detroit Pistons,22400319,2024-12-04,DET @ BOS,L,240,43,84,0.512,20,39,0.513,14,18,0.778,8,26,34,27,10,5,19,21,120,-10,1,10,False,1610612738,130,44,25,19,18,0,11,28,3,3,6,1,5,6,1,6,121.5,128.7,116.6,117.6,4.9,11.1,0.667,1.88,19.9,0.404,0.738,0.553,14.953,15.8,0.59,0.619,0.198,104.96,101.5,84.58,101.0,0.546,30,19,16,44,22,12,20,38,7,5,14,21,17.66,31,52,82,413,5,2,285,30,15,28,0.536,30,66,0.455,0.479,16,30,0.533,1.0,1.0,1.0,1.0,1.0,1.0,1.0,1.0,1.0,1.0,1.0,1.0,1.0,1.0,1.0,1.0,1.0,0.436,0.564,0.369,0.031,0.485,0.123,0.146,0.231,0.338,0.5,0.5,0.857,0.143,0.667,0.333,1.7208333333333334,1.1875,0.3416666666666667,0.4208333333333333,0.1833333333333333,0.1583333333333333,-0.3272809810512135,-0.0857983743078044,-0.2567890660882612,-0.132461140294916,1.1273452083783804
1610612738,22400316,"DEC 02, 2024",BOS vs. MIA,W,17,4,0.0024173337056839,240,39,89,0.438,19,55,0.345,11,13,0.846,14,40,54,25,5,9,14,20,108,22024,1610612748,MIA,Miami Heat,22400316,2024-12-02,MIA @ BOS,L,240,31,87,0.356,8,35,0.229,19,23,0.826,11,33,44,24,6,1,10,11,89,-19,1,19,True,1610612738,108,41,29,12,5,0,6,17,3,1,4,1,4,5,4,5,110.5,112.5,92.6,91.8,17.9,20.7,0.641,1.47,18.3,0.314,0.754,0.546,17.397,17.7,0.545,0.57,0.195,96.92,96.5,80.42,96.0,0.566,6,17,5,40,18,12,22,38,9,1,20,11,17.53,28,65,92,382,6,2,266,25,16,32,0.5,23,57,0.404,0.438,13,24,0.542,1.0,1.0,1.0,1.0,1.0,1.0,1.0,1.0,1.0,1.0,1.0,1.0,1.0,1.0,1.0,1.0,1.0,0.382,0.618,0.37,0.0,0.528,0.046,0.102,0.056,0.37,0.5,0.5,0.789,0.211,0.641,0.359,1.5916666666666666,1.1083333333333334,0.3833333333333333,0.4,0.1666666666666666,0.1583333333333333,-0.019653949253725,0.171596748615613,0.0816567741535893,-1.1732272426121633,-0.8332551540187907
1610612738,22400307,"DEC 01, 2024",BOS @ CLE,L,16,4,2.159887666028536,240,38,95,0.4,17,49,0.347,18,19,0.947,10,36,46,17,11,6,8,19,111,22024,1610612739,CLE,Cleveland Cavaliers,22400307,2024-12-01,CLE vs. BOS,W,240,39,80,0.488,17,36,0.472,20,25,0.8,6,38,44,22,5,7,18,20,115,4,1,-4,False,1610612738,111,43,28,15,12,0,12,31,4,6,10,1,13,13,6,14,106.4,106.7,111.7,112.7,-5.3,-6.0,0.447,1.55,12.9,0.259,0.818,0.5,10.54,10.6,0.489,0.537,0.196,103.68,103.0,85.83,104.0,0.481,18,13,3,24,14,8,7,40,6,7,19,20,17.55,35,55,88,401,2,1,273,17,11,29,0.379,27,66,0.409,0.4,14,28,0.5,1.0,1.0,1.0,1.0,1.0,1.0,1.0,1.0,1.0,1.0,1.0,1.0,1.0,1.0,1.0,1.0,1.0,0.484,0.516,0.378,0.162,0.459,0.027,0.162,0.162,0.216,0.333,0.667,0.588,0.412,0.447,0.553,1.6708333333333334,1.1375,0.3666666666666666,0.4333333333333333,0.1,0.1666666666666666,2.338819961193681,0.6577875363598439,1.8383518496946227,0.4352294609690376,0.2870879102081641
1610612738,22400047,"NOV 29, 2024",BOS @ CHI,W,16,3,-0.4085293962605735,240,49,98,0.5,23,54,0.426,17,23,0.739,11,40,51,24,6,2,9,13,138,22024,1610612741,CHI,Chicago Bulls,22400047,2024-11-29,CHI vs. BOS,L,240,48,93,0.516,20,51,0.392,13,16,0.813,5,38,43,28,7,2,8,17,129,-9,1,9,False,1610612738,138,44,16,28,9,0,15,38,2,3,5,0,6,6,1,6,130.0,131.4,125.2,124.0,4.8,7.4,0.49,2.67,17.0,0.264,0.891,0.556,8.481,8.6,0.617,0.638,0.2,104.58,104.5,87.08,105.0,0.509,4,13,16,50,17,10,17,52,2,2,13,17,18.01,21,63,82,403,2,2,274,24,20,32,0.625,29,66,0.439,0.5,19,25,0.76,1.0,1.0,1.0,1.0,1.0,1.0,1.0,1.0,1.0,1.0,1.0,1.0,1.0,1.0,1.0,1.0,1.0,0.449,0.551,0.377,0.014,0.5,0.116,0.123,0.029,0.362,0.385,0.615,0.609,0.391,0.49,0.51,1.6791666666666667,1.1416666666666666,0.3416666666666667,0.4375,0.2083333333333333,0.2166666666666666,0.0572528086956461,-0.6005886201546354,-0.3051384718370969,2.0436861645502384,-0.4831479464478672
1610612738,22400281,"NOV 25, 2024",BOS vs. LAC,W,15,3,0.4314940664645701,240,45,88,0.511,22,51,0.431,14,20,0.7,8,39,47,33,10,11,11,12,126,22024,1610612746,LAC,LA Clippers,22400281,2024-11-25,LAC @ BOS,L,240,39,90,0.433,7,26,0.269,9,13,0.692,10,34,44,18,8,3,14,12,94,-32,1,32,True,1610612738,126,51,37,14,12,0,10,27,3,2,5,2,5,7,5,7,126.3,127.3,94.3,95.9,32.0,31.4,0.733,3.0,23.4,0.234,0.75,0.505,11.022,11.1,0.636,0.651,0.199,99.76,98.5,82.08,99.0,0.647,6,11,15,46,13,11,6,58,11,3,12,12,16.97,19,62,80,361,5,2,248,33,18,30,0.6,27,58,0.466,0.511,16,32,0.5,1.0,1.0,1.0,1.0,1.0,1.0,1.0,1.0,1.0,1.0,1.0,1.0,1.0,1.0,1.0,1.0,1.0,0.42,0.58,0.365,0.0,0.524,0.119,0.111,0.048,0.365,0.652,0.348,0.818,0.182,0.733,0.267,1.5041666666666669,1.0333333333333334,0.3333333333333333,0.4125,0.1916666666666666,0.2416666666666666,-0.5580012548993271,1.344174530822284,0.3878696772295493,-0.4636139910322229,0.6371951177790875
1610612738,22400271,"NOV 24, 2024",BOS vs. MIN,W,14,3,0.0749373448762,240,37,87,0.425,21,56,0.375,12,15,0.8,8,32,40,25,5,7,6,23,107,22024,1610612750,MIN,Minnesota Timberwolves,22400271,2024-11-24,MIN @ BOS,L,240,37,88,0.42,15,41,0.366,16,21,0.762,11,38,49,19,2,1,8,18,105,-2,1,2,False,1610612738,107,37,18,19,14,0,7,17,1,1,2,0,3,3,2,3,115.6,118.9,111.4,116.7,4.1,2.2,0.676,3.57,19.9,0.231,0.667,0.453,7.559,7.8,0.546,0.572,0.197,93.42,90.0,75.0,90.0,0.515,13,15,15,30,7,16,11,44,7,1,23,18,17.19,20,57,74,394,7,3,287,25,9,18,0.5,28,69,0.406,0.425,19,25,0.76,1.0,1.0,1.0,1.0,1.0,1.0,1.0,1.0,1.0,1.0,1.0,1.0,1.0,1.0,1.0,1.0,1.0,0.356,0.644,0.299,0.019,0.589,0.14,0.112,0.121,0.28,0.438,0.563,0.857,0.143,0.676,0.324,1.6416666666666666,1.1958333333333333,0.3083333333333333,0.375,0.125,0.1833333333333333,-0.0965607072030962,0.7721853687702485,0.371753208646604,-0.9839970421908432,0.2170664686939795
1610612738,22400028,"NOV 22, 2024",BOS @ WAS,W,13,3,-2.155052998617168,240,36,85,0.424,11,46,0.239,25,32,0.781,10,33,43,22,11,7,12,19,108,22024,1610612764,WAS,Washington Wizards,22400028,2024-11-22,WAS vs. BOS,L,240,39,90,0.433,7,28,0.25,11,16,0.688,10,38,48,19,6,4,20,29,96,-12,1,12,False,1610612738,108,41,28,13,9,0,5,13,2,3,5,0,4,4,2,4,106.8,103.8,89.7,93.2,17.2,10.6,0.611,1.83,16.5,0.204,0.731,0.462,11.872,11.5,0.488,0.545,0.202,104.06,103.5,86.25,104.0,0.61,23,12,11,30,10,10,19,52,7,4,19,29,17.74,25,59,83,394,3,3,268,22,14,21,0.667,22,64,0.344,0.424,18,32,0.563,1.0,1.0,1.0,1.0,1.0,1.0,1.0,1.0,1.0,1.0,1.0,1.0,1.0,1.0,1.0,1.0,1.0,0.459,0.541,0.463,0.185,0.306,0.102,0.231,0.213,0.278,0.48,0.52,0.909,0.091,0.611,0.389,1.6416666666666666,1.1166666666666667,0.3458333333333333,0.4333333333333333,0.125,0.2166666666666666,-1.9679584839711453,-1.887564234771715,-2.287464107539364,1.3813804630756248,-1.7435338937031917
1610612738,22400021,"NOV 19, 2024",BOS vs. CLE,W,12,3,2.159887666028536,240,44,86,0.512,22,41,0.537,10,14,0.714,9,33,42,32,4,4,13,19,120,22024,1610612739,CLE,Cleveland Cavaliers,22400021,2024-11-19,CLE @ BOS,L,240,46,93,0.495,10,29,0.345,15,17,0.882,12,29,41,30,4,3,7,15,117,-3,1,3,False,1610612738,120,48,32,16,8,0,6,16,3,0,3,0,9,9,7,9,124.8,127.7,122.5,123.2,2.3,4.5,0.727,2.46,23.3,0.244,0.688,0.473,13.519,13.8,0.64,0.651,0.2,95.82,94.5,78.75,94.0,0.502,8,10,6,36,20,17,14,60,4,3,19,15,17.26,24,47,70,386,4,2,271,32,11,26,0.423,33,60,0.55,0.512,20,27,0.741,1.0,1.0,1.0,1.0,1.0,1.0,1.0,1.0,1.0,1.0,1.0,1.0,1.0,1.0,1.0,1.0,1.0,0.523,0.477,0.367,0.067,0.55,0.05,0.083,0.067,0.3,0.591,0.409,0.864,0.136,0.727,0.273,1.6083333333333334,1.1291666666666669,0.2916666666666667,0.3916666666666666,0.15,0.25,2.338819961193681,0.6577875363598439,1.8383518496946227,0.4352294609690376,0.2870879102081641
1610612738,22400230,"NOV 16, 2024",BOS vs. TOR,W,11,3,-1.4721562267614752,265,44,99,0.444,21,61,0.344,17,19,0.895,14,28,42,30,2,6,9,20,126,22024,1610612761,TOR,Toronto Raptors,22400230,2024-11-16,TOR @ BOS,L,265,50,98,0.51,9,23,0.391,14,21,0.667,15,31,46,35,3,2,9,19,123,-3,1,3,False,1610612738,126,43,30,13,10,0,11,30,4,1,5,2,4,6,3,6,123.1,126.0,121.5,126.8,1.6,-0.8,0.682,3.33,20.5,0.364,0.623,0.491,8.792,9.0,0.551,0.587,0.199,92.2,89.21,74.34,100.0,0.484,16,16,8,42,12,16,21,78,6,2,20,19,18.97,36,56,88,434,5,2,309,30,18,32,0.563,26,67,0.388,0.444,25,41,0.61,1.0,1.0,1.0,1.0,1.0,1.0,1.0,1.0,1.0,1.0,1.0,1.0,1.0,1.0,1.0,1.0,1.0,0.384,0.616,0.365,0.032,0.5,0.063,0.135,0.127,0.333,0.609,0.391,0.762,0.238,0.682,0.318,1.637735849056604,1.1660377358490566,0.3320754716981132,0.3773584905660377,0.1584905660377358,0.2943396226415094,-0.6349080128487019,-1.2869756146170754,-1.1270783695673052,0.1040766102317307,0.0770235856656101
1610612738,22400218,"NOV 13, 2024",BOS @ BKN,W,10,3,-1.0974695023804757,240,50,93,0.538,22,46,0.478,17,24,0.708,12,33,45,35,7,6,7,17,139,22024,1610612751,BKN,Brooklyn Nets,22400218,2024-11-13,BKN vs. BOS,L,240,40,79,0.506,19,43,0.442,15,18,0.833,3,31,34,26,4,3,13,20,114,-25,1,25,True,1610612738,139,35,14,21,13,0,5,15,2,3,5,0,7,7,6,7,139.6,143.3,117.6,117.5,22.0,25.8,0.7,4.38,23.9,0.326,0.854,0.575,8.035,8.2,0.656,0.671,0.195,98.24,97.0,80.83,97.0,0.59,16,18,7,52,13,8,13,40,6,3,17,20,17.59,28,50,77,393,8,0,272,35,21,32,0.656,29,61,0.475,0.538,15,23,0.652,1.0,1.0,1.0,1.0,1.0,1.0,1.0,1.0,1.0,1.0,1.0,1.0,1.0,1.0,1.0,1.0,1.0,0.505,0.495,0.403,0.029,0.475,0.05,0.122,0.115,0.374,0.536,0.464,0.909,0.091,0.7,0.3,1.6375,1.1333333333333333,0.3208333333333333,0.4041666666666667,0.2166666666666666,0.1666666666666666,-1.1476197325111814,-1.0009810335910578,-1.288243055396758,-1.1259196925068298,-0.8332551540187907
1610612738,22400001,"NOV 12, 2024",BOS vs. ATL,L,9,3,0.1474573560467161,240,38,75,0.507,18,45,0.4,22,27,0.815,6,28,34,28,7,5,20,12,116,22024,1610612737,ATL,Atlanta Hawks,22400001,2024-11-12,ATL @ BOS,W,240,50,99,0.505,10,32,0.313,7,13,0.538,19,25,44,35,16,2,16,17,117,1,1,-1,False,1610612738,116,40,28,12,17,1,8,19,1,1,2,1,5,6,3,6,115.0,117.2,115.0,117.0,0.0,0.2,0.737,1.4,20.8,0.231,0.538,0.407,19.826,20.2,0.627,0.668,0.2,101.3,99.5,82.92,99.0,0.489,12,7,10,32,19,18,14,68,5,2,12,17,17.38,25,53,76,405,5,5,293,28,10,19,0.526,28,56,0.5,0.507,23,34,0.676,1.0,1.0,1.0,1.0,1.0,1.0,1.0,1.0,1.0,1.0,1.0,1.0,1.0,1.0,1.0,1.0,1.0,0.4,0.6,0.345,0.069,0.466,0.086,0.19,0.103,0.276,0.55,0.45,0.944,0.056,0.737,0.263,1.6875,1.2208333333333334,0.3166666666666666,0.4125,0.1333333333333333,0.2833333333333333,-0.1478318791693449,-0.2001962067182091,-0.2084396603394254,2.0436861645502384,0.3571093517223488
1610612738,22400202,"NOV 10, 2024",BOS @ MIL,W,9,2,0.5161007461635055,240,35,86,0.407,19,50,0.38,24,27,0.889,8,34,42,27,5,2,12,16,113,22024,1610612749,MIL,Milwaukee Bucks,22400202,2024-11-10,MIL vs. BOS,L,240,39,81,0.481,13,32,0.406,16,21,0.762,5,36,41,21,9,8,13,18,107,-6,1,6,False,1610612738,113,30,18,12,19,1,7,20,2,0,2,0,8,8,3,8,110.9,115.3,108.9,109.2,2.0,6.1,0.771,2.25,19.7,0.25,0.864,0.531,11.779,12.2,0.517,0.577,0.198,100.06,98.0,81.67,98.0,0.501,12,7,9,26,17,14,9,42,2,8,16,18,17.11,20,57,75,383,6,2,264,27,13,38,0.342,22,48,0.458,0.407,13,16,0.813,1.0,1.0,1.0,1.0,1.0,1.0,1.0,1.0,1.0,1.0,1.0,1.0,1.0,1.0,1.0,1.0,1.0,0.419,0.581,0.283,0.053,0.504,0.08,0.212,0.106,0.23,0.5,0.5,1.0,0.0,0.771,0.229,1.5958333333333334,1.1,0.3125,0.4083333333333333,0.1083333333333333,0.175,0.3648798404931345,0.4289918715390305,0.4684520201442756,-0.0378460400842559,-0.2030621803911285
1610612738,22400187,"NOV 08, 2024",BOS vs. BKN,W,8,2,-1.0974695023804757,265,39,90,0.433,14,53,0.264,16,19,0.842,4,35,39,23,7,9,13,15,108,22024,1610612751,BKN,Brooklyn Nets,22400187,2024-11-08,BKN @ BOS,L,265,41,100,0.41,10,38,0.263,12,15,0.8,12,39,51,24,6,3,13,22,104,-4,1,4,False,1610612738,108,49,29,20,17,0,6,14,0,2,2,1,1,2,1,2,100.6,106.9,96.7,103.0,3.9,4.0,0.59,1.77,17.1,0.212,0.65,0.446,12.109,12.9,0.511,0.549,0.198,97.34,91.47,76.23,101.0,0.539,20,12,20,50,7,16,10,54,9,3,15,22,18.95,16,71,87,410,3,3,283,23,14,23,0.609,25,67,0.373,0.433,18,30,0.6,1.0,1.0,1.0,1.0,1.0,1.0,1.0,1.0,1.0,1.0,1.0,1.0,1.0,1.0,1.0,1.0,1.0,0.411,0.589,0.463,0.0,0.389,0.185,0.148,0.185,0.463,0.44,0.56,0.857,0.143,0.59,0.41,1.5471698113207548,1.0679245283018868,0.3283018867924528,0.3811320754716981,0.1886792452830188,0.2037735849056604,-1.1476197325111814,-1.0009810335910578,-1.288243055396758,-1.1259196925068298,-0.8332551540187907
1610612738,22400172,"NOV 06, 2024",BOS vs. GSW,L,7,2,0.0024173337056839,240,38,90,0.422,19,54,0.352,17,21,0.81,13,34,47,22,5,3,12,18,112,22024,1610612744,GSW,Golden State Warriors,22400172,2024-11-06,GSW @ BOS,W,240,42,91,0.462,14,34,0.412,20,24,0.833,15,38,53,22,6,5,11,19,118,6,1,-6,False,1610612738,112,46,27,19,9,1,5,14,5,0,5,0,1,1,0,1,114.0,116.7,121.0,122.9,-6.9,-6.3,0.579,1.83,16.5,0.291,0.692,0.486,12.215,12.5,0.528,0.564,0.198,97.9,96.0,80.0,96.0,0.461,7,20,8,36,16,16,17,52,3,5,18,19,17.57,29,54,80,424,7,4,305,22,15,28,0.536,23,62,0.371,0.422,22,39,0.564,1.0,1.0,1.0,1.0,1.0,1.0,1.0,1.0,1.0,1.0,1.0,1.0,1.0,1.0,1.0,1.0,1.0,0.4,0.6,0.339,0.018,0.509,0.071,0.152,0.063,0.321,0.368,0.632,0.789,0.211,0.579,0.421,1.7666666666666666,1.2708333333333333,0.3333333333333333,0.4,0.15,0.2166666666666666,-0.4298233249837072,0.4575913296416307,-0.0150420373440822,0.0094615100210707,0.4271307932365335
1610612738,22400157,"NOV 04, 2024",BOS @ ATL,W,7,1,0.1474573560467161,240,48,99,0.485,18,55,0.327,9,13,0.692,11,39,50,27,15,7,12,14,123,22024,1610612737,ATL,Atlanta Hawks,22400157,2024-11-04,ATL vs. BOS,L,240,37,89,0.416,6,31,0.194,13,16,0.813,8,35,43,23,9,3,20,13,93,-30,1,30,True,1610612738,123,39,26,13,21,0,10,24,3,2,5,4,9,12,9,13,115.3,117.1,86.1,87.7,29.2,29.4,0.563,2.08,18.7,0.222,0.759,0.491,12.181,12.4,0.576,0.587,0.195,107.38,105.5,87.92,105.0,0.628,32,8,35,56,9,10,4,56,7,3,14,13,17.85,29,58,84,399,2,2,277,27,24,33,0.727,24,65,0.369,0.485,20,26,0.769,1.0,1.0,1.0,1.0,1.0,1.0,1.0,1.0,1.0,1.0,1.0,1.0,1.0,1.0,1.0,1.0,1.0,0.444,0.556,0.488,0.033,0.439,0.285,0.073,0.26,0.455,0.433,0.567,0.778,0.222,0.563,0.438,1.6625,1.1541666666666666,0.35,0.4375,0.2333333333333333,0.2333333333333333,-0.1478318791693449,-0.2001962067182091,-0.2084396603394254,2.0436861645502384,0.3571093517223488
1610612738,22400141,"NOV 02, 2024",BOS @ CHA,W,6,1,-1.315029535892024,240,36,82,0.439,16,52,0.308,25,28,0.893,8,36,44,23,4,4,15,17,113,22024,1610612766,CHA,Charlotte Hornets,22400141,2024-11-02,CHA vs. BOS,L,240,40,91,0.44,17,42,0.405,6,9,0.667,7,27,34,24,10,1,13,25,103,-10,1,10,False,1610612738,113,46,29,17,12,0,7,19,5,2,7,1,7,8,2,8,111.5,116.5,102.0,106.2,9.5,10.3,0.639,1.53,17.4,0.319,0.75,0.545,14.805,15.5,0.537,0.599,0.199,101.14,97.0,80.83,97.0,0.571,16,15,7,34,19,7,19,40,4,1,17,25,17.44,27,61,87,417,5,3,296,23,13,24,0.542,23,58,0.397,0.439,15,27,0.556,1.0,1.0,1.0,1.0,1.0,1.0,1.0,1.0,1.0,1.0,1.0,1.0,1.0,1.0,1.0,1.0,1.0,0.366,0.634,0.354,0.053,0.425,0.062,0.221,0.142,0.301,0.55,0.45,0.75,0.25,0.639,0.361,1.7375,1.2333333333333334,0.3625,0.4041666666666667,0.1416666666666666,0.1666666666666666,-1.378340006359295,-0.1715967486156089,-0.9659136837378526,-0.4163064409268894,0.8472594423216415
1610612738,22400132,"NOV 01, 2024",BOS @ CHA,W,5,1,-1.315029535892024,240,41,86,0.477,13,42,0.31,29,35,0.829,11,30,41,21,12,5,10,13,124,22024,1610612766,CHA,Charlotte Hornets,22400132,2024-11-01,CHA vs. BOS,L,240,42,91,0.462,19,48,0.396,6,12,0.5,12,30,42,20,5,5,16,26,109,-15,1,15,True,1610612738,124,36,21,15,13,0,8,17,3,2,5,3,7,9,2,10,123.5,125.3,108.7,111.2,14.8,14.0,0.512,2.1,15.9,0.333,0.66,0.505,9.96,10.1,0.552,0.611,0.196,100.34,98.5,82.08,99.0,0.616,24,16,21,56,12,14,6,44,5,5,13,26,17.31,31,54,84,374,3,1,250,21,21,35,0.6,20,51,0.392,0.477,15,23,0.652,1.0,1.0,1.0,1.0,1.0,1.0,1.0,1.0,1.0,1.0,1.0,1.0,1.0,1.0,1.0,1.0,1.0,0.512,0.488,0.452,0.0,0.315,0.169,0.234,0.194,0.452,0.393,0.607,0.769,0.231,0.512,0.488,1.5583333333333331,1.0416666666666667,0.35,0.4125,0.2333333333333333,0.1833333333333333,-1.378340006359295,-0.1715967486156089,-0.9659136837378526,-0.4163064409268894,0.8472594423216415
1610612738,22400119,"OCT 30, 2024",BOS @ IND,L,4,1,0.352930721029845,265,44,109,0.404,19,57,0.333,25,31,0.806,18,33,51,23,11,5,14,19,132,22024,1610612754,IND,Indiana Pacers,22400119,2024-10-30,IND vs. BOS,W,265,50,104,0.481,15,38,0.395,20,24,0.833,16,41,57,33,10,5,19,26,135,3,1,-3,False,1610612738,132,47,26,21,18,2,8,18,2,2,4,5,6,11,6,11,111.3,112.8,114.8,112.5,-3.6,0.3,0.523,1.64,14.4,0.324,0.655,0.472,11.8,12.0,0.491,0.538,0.202,106.96,107.32,89.43,117.0,0.457,18,18,21,44,20,13,29,62,5,5,19,26,19.69,45,67,110,452,1,4,303,23,12,33,0.364,32,76,0.421,0.404,20,33,0.606,1.0,1.0,1.0,1.0,1.0,1.0,1.0,1.0,1.0,1.0,1.0,1.0,1.0,1.0,1.0,1.0,1.0,0.477,0.523,0.379,0.045,0.432,0.159,0.189,0.136,0.333,0.36,0.64,0.737,0.263,0.523,0.477,1.7056603773584906,1.1433962264150943,0.4150943396226415,0.4415094339622641,0.1660377358490566,0.2339622641509434,0.4930577704087543,-0.4289918715390224,0.0816567741535893,0.1040766102317307,-0.9032765955329752
1610612738,22400104,"OCT 28, 2024",BOS vs. MIL,W,4,0,0.5161007461635055,240,43,87,0.494,18,47,0.383,15,19,0.789,4,34,38,24,5,5,12,18,119,22024,1610612749,MIL,Milwaukee Bucks,22400104,2024-10-28,MIL @ BOS,L,240,37,82,0.451,8,31,0.258,26,31,0.839,8,35,43,18,7,6,17,24,108,-11,1,11,False,1610612738,119,44,27,17,6,1,13,33,5,4,9,2,8,8,4,10,112.9,117.8,103.2,105.9,9.7,11.9,0.558,1.71,18.0,0.191,0.796,0.5,13.288,13.9,0.598,0.624,0.196,105.0,101.5,84.58,101.0,0.559,20,8,26,40,19,10,10,44,5,6,18,24,17.41,19,54,69,427,4,3,306,24,14,30,0.467,29,57,0.509,0.494,17,24,0.708,1.0,1.0,1.0,1.0,1.0,1.0,1.0,1.0,1.0,1.0,1.0,1.0,1.0,1.0,1.0,1.0,1.0,0.46,0.54,0.42,0.084,0.454,0.218,0.126,0.168,0.336,0.48,0.52,0.667,0.333,0.558,0.442,1.7791666666666666,1.275,0.2875,0.4208333333333333,0.1666666666666666,0.1833333333333333,0.3648798404931345,0.4289918715390305,0.4684520201442756,-0.0378460400842559,-0.2030621803911285
1610612738,22400089,"OCT 26, 2024",BOS @ DET,W,3,0,0.0749373448762,240,38,90,0.422,22,48,0.458,26,30,0.867,13,24,37,19,10,6,10,16,124,22024,1610612765,DET,Detroit Pistons,22400089,2024-10-26,DET vs. BOS,L,240,43,88,0.489,14,39,0.359,18,22,0.818,9,35,44,27,4,7,15,22,118,-6,1,6,False,1610612738,124,45,22,23,16,0,10,29,4,1,5,2,6,8,4,8,123.8,126.5,113.8,121.6,9.9,4.9,0.5,1.9,14.4,0.327,0.617,0.465,9.98,10.2,0.544,0.601,0.198,101.94,97.5,81.25,98.0,0.496,15,19,5,28,11,16,21,56,6,7,16,22,17.22,31,53,82,393,4,2,268,19,11,31,0.355,27,59,0.458,0.422,20,27,0.741,1.0,1.0,1.0,1.0,1.0,1.0,1.0,1.0,1.0,1.0,1.0,1.0,1.0,1.0,1.0,1.0,1.0,0.467,0.533,0.258,0.032,0.532,0.04,0.21,0.121,0.226,0.313,0.688,0.636,0.364,0.5,0.5,1.6375,1.1166666666666667,0.3416666666666667,0.4083333333333333,0.1166666666666666,0.2333333333333333,-0.3272809810512135,-0.0857983743078044,-0.2567890660882612,-0.132461140294916,1.1273452083783804
1610612738,22400073,"OCT 24, 2024",BOS @ WAS,W,2,0,-2.155052998617168,240,42,90,0.467,17,45,0.378,21,27,0.778,12,37,49,21,7,3,14,19,122,22024,1610612764,WAS,Washington Wizards,22400073,2024-10-24,WAS vs. BOS,L,240,41,95,0.432,7,36,0.194,13,18,0.722,10,30,40,27,9,6,15,19,102,-20,1,20,True,1610612738,122,28,17,11,19,0,9,26,1,1,2,1,2,3,2,3,117.4,117.3,94.5,99.0,22.9,18.3,0.5,1.5,15.3,0.3,0.714,0.519,13.477,13.5,0.561,0.599,0.2,105.9,103.5,86.25,104.0,0.564,26,19,22,46,14,10,27,66,3,6,19,19,18.21,26,69,94,365,3,3,239,21,14,29,0.483,28,61,0.459,0.467,24,34,0.706,1.0,1.0,1.0,1.0,1.0,1.0,1.0,1.0,1.0,1.0,1.0,1.0,1.0,1.0,1.0,1.0,1.0,0.5,0.5,0.41,0.033,0.418,0.18,0.172,0.213,0.377,0.4,0.6,0.647,0.353,0.5,0.5,1.5208333333333333,0.9958333333333332,0.3916666666666666,0.4333333333333333,0.1916666666666666,0.275,-1.9679584839711453,-1.887564234771715,-2.287464107539364,1.3813804630756248,-1.7435338937031917
1610612738,22400061,"OCT 22, 2024",BOS vs. NYK,W,1,0,0.8726574677518764,240,48,95,0.505,29,61,0.475,7,8,0.875,11,29,40,33,6,3,3,15,132,22024,1610612752,NYK,New York Knicks,22400061,2024-10-22,NYK @ BOS,L,240,43,78,0.551,11,30,0.367,12,16,0.75,5,29,34,20,2,3,12,12,109,-23,1,23,True,1610612738,132,33,19,14,16,0,13,35,1,0,1,1,3,4,1,4,144.2,145.1,118.4,119.8,25.8,25.3,0.688,8.25,24.4,0.298,0.816,0.529,4.371,4.4,0.658,0.67,0.199,91.78,91.0,75.83,91.0,0.581,19,16,11,30,2,13,4,42,3,3,15,12,17.14,22,40,59,369,9,1,257,33,10,23,0.435,38,72,0.528,0.505,15,20,0.75,1.0,1.0,1.0,1.0,1.0,1.0,1.0,1.0,1.0,1.0,1.0,1.0,1.0,1.0,1.0,1.0,1.0,0.358,0.642,0.288,0.061,0.659,0.083,0.053,0.144,0.227,0.684,0.316,0.69,0.31,0.688,0.313,1.5375,1.0708333333333333,0.2458333333333333,0.3791666666666666,0.125,0.175,1.6722947256324556,-0.2001962067182091,0.935829609049688,-1.1732272426121633,0.987302325350011
